parent_video_id,id,media_items,video_count,author_name,comment_count,spam_score,engagement,sentiment,text,day_of_week,themes,platform,author_pic_url,max_exp,media_count,content_id,authenticity_scale,tag,author_id_str,country_code,authenticity_scale_percent,image_count,nodes,subject,author_id,date,lang,like_count,content_type,content_url,is_spam,share_count,author_screen_name,author_url,sentiment_name
,ZmVlZGJhY2s6ODU3NDc3MDM1NzQ2Nzky,[],0,Syed Hasnat - ÿ≥ŸäÿØ ÿ≠ÿ≥ŸÜÿßÿ™,44,0.0018492341041564900,2091,-0.43793,"The Palestinian resistance announced the outset of Al-Aqsa Storm Operation on Saturday morning, launching more than 7,000 homemade rockets towards the illegal Israeli settlements in the 1948-occupied territories in response to Israel‚Äôs atrocities against Jerusalem‚Äôs Al-Aqsa Mosque and the Palestinian people.At least 198 Palestinians have been killed and over 1600 injured in ongoing Israeli airstrikes on the Gaza Strip. #islam #faith #hadees #hadeessharif #hadeesoftheday #muslimforpeace #palestine #rasoolallah #israel #quran #muslimquotes #sunnah #allah #palestineüáµüá∏ #freepalestine #israelterrorist #israelüáÆüá± #alhamdulillah #hijabi #pray #islamic #jannah #hijab #muslims #islamicreminder #muslimmemes #muslimah #deen #youthclub",7,"['news_&_social_concern', 'arts_&_culture']",FB,https://cyabra-web-assets.s3.us-east-2.amazonaws.com/default_profile_normal.png,61681.41592920350,0,ZmVlZGJhY2s6ODU3NDc3MDM1NzQ2Nzky,0.5,UNCHECKED_PROFILE,100044535095194,Missing Value,50.0,0,,"['#islam #faith #hadees #hadeessharif #hadeesoftheday #muslimforpeace', '1600', 'Al-Aqsa Mosque', 'Al-Aqsa Storm Operation', 'At least 198 Palestinians', 'Israel', 'Israeli', 'Jerusalem', 'Palestinian', 'Saturday', 'more than 7,000', 'morning', 'the Gaza Strip']",100044535095194,2023-10-07 15:03:24+00:00,en,1721,post,https://www.facebook.com/857477035746792,FALSE,326,None,https://www.facebook.com/100044535095194,neg
,ZmVlZGJhY2s6NjUyNDIzOTgwMzIzNjIy,[],0,‡¶¨‡¶æ‡¶Ç‡¶≤‡¶æ‡¶¶‡ßá‡¶∂ ‡¶á‡¶∏‡¶≤‡¶æ‡¶Æ‡ßÄ ‡¶õ‡¶æ‡¶§‡ßç‡¶∞‡¶∂‡¶ø‡¶¨‡¶ø‡¶∞,68,0.007773995399475100,1620,0,"‡¶Ü‡¶≤-‡¶Ü‡¶ï‡¶∏‡¶æ ‡¶Ö‡¶™‡¶æ‡¶∞‡ßá‡¶∂‡¶® ‡¶Ü‡¶™‡¶°‡ßá‡¶ü: 

‡¶è‡¶§‡¶¶‡¶ø‡¶® ‡¶´‡¶ø‡¶≤‡¶ø‡¶∏‡ßç‡¶§‡¶ø‡¶®‡ßá‡¶∞ ‡¶≠‡ßá‡¶§‡¶∞‡ßá ‡¶á‡¶∏‡¶∞‡¶æ‡ßü‡ßá‡¶≤‡ßÄ ‡¶¶‡¶ñ‡¶≤‡¶¶‡¶æ‡¶∞‡¶∞‡¶æ ‡¶Ö‡¶≠‡¶ø‡¶Ø‡¶æ‡¶® ‡¶ö‡¶æ‡¶≤‡¶æ‡¶≤‡ßá‡¶ì ‡¶Ü‡¶ú‡¶ï‡ßá ‡¶∏‡¶∞‡¶æ‡¶∏‡¶∞‡¶ø ‡¶á‡¶∏‡¶∞‡¶æ‡ßü‡ßá‡¶≤‡ßá‡¶∞ ‡¶¶‡¶ñ‡¶≤ ‡¶ï‡¶∞‡¶æ ‡¶≠‡ßÇ‡¶Æ‡¶ø‡¶§‡ßá ‡¶™‡ßç‡¶∞‡¶¨‡ßá‡¶∂ ‡¶ï‡¶∞‡ßá ‡¶Ö‡¶≠‡¶ø‡¶Ø‡¶æ‡¶® ‡¶™‡¶∞‡¶ø‡¶ö‡¶æ‡¶≤‡¶®‡¶æ ‡¶ï‡¶∞‡¶õ‡ßá ‡¶´‡¶ø‡¶≤‡¶ø‡¶∏‡ßç‡¶§‡¶ø‡¶®‡ßÄ ‡¶™‡ßç‡¶∞‡¶§‡¶ø‡¶∞‡ßã‡¶ß ‡¶Ø‡ßã‡¶¶‡ßç‡¶ß‡¶æ‡¶∞‡¶æ‡•§

#FreePalestine #IsraeliTerrorism",7,Missing Value,FB,https://cyabra-web-assets.s3.us-east-2.amazonaws.com/default_profile_normal.png,47787.61061946900,0,ZmVlZGJhY2s6NjUyNDIzOTgwMzIzNjIy,0.5,UNCHECKED_PROFILE,100066680771296,Missing Value,50.0,0,,,100066680771296,2023-10-07 16:57:52+00:00,bn,1463,post,https://www.facebook.com/652423980323622,FALSE,89,None,https://www.facebook.com/100066680771296,net
,ZmVlZGJhY2s6Njc2OTI2NjY5NjQ0Mjk2OQ==,[],0,Niaz Abdullah,42,0.08939868211746220,442,0,"‡¥∏‡¥Ø‡¥£‡¥ø‡¥∏‡µç‡¥±‡µç‡¥±‡µç ‡¥≠‡¥∞‡¥£‡¥ï‡µÇ‡¥ü‡¥Ç ‡¥®‡¥ü‡¥§‡µç‡¥§‡¥ø‡¥µ‡¥∞‡µÅ‡¥®‡µç‡¥® ‡¥Ö‡¥ß‡¥ø‡¥®‡¥ø‡¥µ‡µá‡¥∂ ‡¥≠‡µÄ‡¥ï‡¥∞‡¥§‡¥Ø‡µç‡¥ï‡µç‡¥ï‡µÜ‡¥§‡¥ø‡¥∞‡µÜ ‡¥™‡µã‡µº‡¥Æ‡µÅ‡¥ñ‡¥Ç ‡¥§‡µÅ‡¥±‡¥®‡µç‡¥®‡¥ø‡¥∞‡¥ø‡¥ï‡µç‡¥ï‡µÅ‡¥ï‡¥Ø‡¥æ‡¥£‡µç ‡¥´‡¥≤‡¥∏‡µç‡¥§‡µÄ‡¥®‡¥ø‡¥≤‡µÜ ‡¥ö‡µÜ‡¥±‡µÅ‡¥§‡µç‡¥§‡µÅ‡¥®‡¥ø‡µΩ‡¥™‡µç‡¥™‡µç ‡¥™‡µç‡¥∞‡¥∏‡µç‡¥•‡¥æ‡¥®‡¥Æ‡¥æ‡¥Ø ‡¥π‡¥Æ‡¥æ‡¥∏‡µç. ‡¥á‡¥®‡µç‡¥®‡µç ‡¥∞‡¥æ‡¥µ‡¥ø‡¥≤‡µÜ ‡¥Æ‡µÅ‡¥§‡µΩ ‡¥ó‡¥∏‡µç‡¥∏‡¥Ø‡¥ø‡µΩ‡¥®‡¥ø‡¥®‡µç‡¥®‡µç 5000‡¥§‡µç‡¥§‡¥ø‡¥≤‡µá‡¥±‡µÜ ‡¥±‡µã‡¥ï‡µç‡¥ï‡¥±‡µç‡¥±‡µÅ‡¥ï‡µæ ‡¥á‡¥∏‡µç‡¥∞‡¥æ‡¥Ø‡¥ø‡¥≤‡µá‡¥ï‡µç‡¥ï‡µç ‡¥§‡µä‡¥ü‡µÅ‡¥§‡µç‡¥§‡µÅ ‡¥µ‡¥ø‡¥ü‡µç‡¥ü‡¥§‡¥æ‡¥Ø‡¥ø ‡¥π‡¥Æ‡¥æ‡¥∏‡µç ‡¥Ö‡¥µ‡¥ï‡¥æ‡¥∂‡¥™‡µç‡¥™‡µÜ‡¥ü‡µÅ‡¥®‡µç‡¥®‡µÅ. ‡¥°‡¥∏‡¥®‡¥ø‡¥≤‡µá‡¥±‡µÜ ‡¥π‡¥Æ‡¥æ‡¥∏‡µç ‡¥™‡µã‡¥∞‡¥æ‡¥≥‡¥ø‡¥ï‡µæ ‡¥á‡¥∏‡µç‡¥∞‡¥æ‡¥Ø‡µá‡¥≤‡¥ø‡¥≤‡µá‡¥ï‡µç‡¥ï‡µç ‡¥®‡µÅ‡¥¥‡¥û‡µç‡¥û‡µÅ ‡¥ï‡¥Ø‡¥±‡¥ø‡¥Ø‡µÜ‡¥®‡µç‡¥®‡¥§‡µç ‡¥∏‡¥Ø‡¥£‡¥ø‡¥∏‡µç‡¥±‡µç‡¥±‡µç ‡¥∏‡µà‡¥®‡µç‡¥Ø‡¥Ç ‡¥∏‡µç‡¥•‡¥ø‡¥∞‡µÄ‡¥ï‡¥∞‡¥ø‡¥ö‡µç‡¥ö‡¥ø‡¥ü‡µç‡¥ü‡µÅ‡¥£‡µç‡¥ü‡µç. ‡¥∏‡µà‡¥®‡¥ø‡¥ï ‡¥ï‡¥Æ‡¥æ‡µª‡¥°‡µº ‡¥®‡¥ø‡¥Æ‡µç‡¥∞‡µã‡¥¶‡µç ‡¥Ö‡¥≤‡µã‡¥®‡¥ø‡¥Ø‡µÅ‡¥Ç ‡¥ê ‡¥°‡¥ø ‡¥é‡¥´‡µç ‡¥≠‡¥ü‡¥®‡µç‡¥Æ‡¥æ‡¥∞‡µÅ‡¥Ç ‡¥â‡µæ‡¥™‡µç‡¥™‡µÜ‡¥ü‡µÜ 35 ‡¥á‡¥∏‡µç‡¥∞‡¥æ‡¥Ø‡µá‡¥≤‡¥ø‡¥ï‡µæ ‡¥π‡¥Æ‡¥æ‡¥∏‡¥ø‡¥®‡µç‡¥±‡µÜ ‡¥™‡¥ø‡¥ü‡¥ø‡¥Ø‡¥ø‡¥≤‡¥æ‡¥Ø‡¥ø. ‡¥í‡¥®‡µç‡¥®‡¥ø‡¥≤‡µá‡¥±‡µÜ ‡¥á‡¥∏‡µç‡¥∞‡¥æ‡¥Ø‡µá‡¥≤‡¥ø ‡¥ü‡¥æ‡¥ô‡µç‡¥ï‡µÅ‡¥ï‡µæ ‡¥®‡¥∂‡¥ø‡¥™‡µç‡¥™‡¥ø‡¥ï‡µç‡¥ï‡¥™‡µç‡¥™‡µÜ‡¥ü‡µç‡¥ü‡µÅ. ‡¥û‡µÜ‡¥ü‡µç‡¥ü‡¥ø ‡¥µ‡¥ø‡¥±‡¥ö‡µç‡¥ö ‡¥∏‡¥Ø‡¥£‡¥ø‡¥∏‡µç‡¥±‡µç‡¥±‡µç ‡¥≠‡¥∞‡¥£‡¥ï‡µÇ‡¥ü‡¥Ç ‡¥ó‡¥∏‡µç‡¥∏‡¥ï‡µç‡¥ï‡µÜ‡¥§‡¥ø‡¥∞‡µÜ ‡¥¨‡µã‡¥Ç‡¥¨‡µç ‡¥µ‡µº‡¥∑‡¥Ç ‡¥Ü‡¥∞‡¥Ç‡¥≠‡¥ø ‡¥ö‡µç‡¥ö‡µÜ‡¥ô‡µç‡¥ï‡¥ø‡¥≤‡µÅ‡¥Ç ‡¥®‡µÜ‡¥§‡¥®‡µç‡¥Ø‡¥æ‡¥π‡µÅ‡¥µ‡µÅ‡¥Ç ‡¥ï‡µÇ‡¥ü‡µç‡¥ü‡¥∞‡µÅ‡¥Ç ‡¥ï‡¥∞‡µÅ‡¥§‡¥ø‡¥Ø‡¥§‡¥ø‡¥®‡µÅ‡¥Ç ‡¥Ö‡¥™‡µç‡¥™‡µÅ‡¥±‡¥§‡µç‡¥§‡¥æ‡¥£‡µç ‡¥ï‡¥æ‡¥∞‡µç‡¥Ø‡¥ô‡µç‡¥ô‡µæ.

‡¥ú‡¥±‡µÅ‡¥∏‡¥≤‡¥Æ‡¥ø‡¥≤‡µÜ ‡¥Ö‡µΩ ‡¥Ö‡¥ñ‡µç‡¥∏ ‡¥™‡¥≥‡µç‡¥≥‡¥ø‡¥Ø‡µÅ‡¥ü‡µÜ ‡¥™‡¥µ‡¥ø‡¥§‡µç‡¥∞‡¥§ ‡¥®‡¥∂‡¥ø‡¥™‡µç‡¥™‡¥ø‡¥ï‡µç‡¥ï‡µÅ‡¥®‡µç‡¥®‡¥§‡µÅ‡¥Ç ‡¥´‡¥≤‡¥∏‡µç‡¥§‡µÄ‡¥®‡¥ø ‡¥§‡¥ü‡¥µ‡µÅ‡¥ï‡¥æ‡¥∞‡µã‡¥ü‡µç ‡¥Ö‡¥®‡µÅ‡¥µ‡µº‡¥§‡µç‡¥§‡¥ø‡¥ï‡µç‡¥ï‡µÅ‡¥®‡µç‡¥® ‡¥ï‡µç‡¥∞‡µÇ‡¥∞‡¥§‡¥ï‡¥≥‡µÅ‡¥Ç ‡¥â‡µæ‡¥™‡µç‡¥™‡µÜ‡¥ü‡µÜ ‡¥á‡¥∏‡µç‡¥∞‡¥æ‡¥Ø‡µá‡µΩ ‡¥®‡¥ü‡¥§‡µç‡¥§‡¥ø‡¥ï‡µç‡¥ï‡µä‡¥£‡µç‡¥ü‡¥ø‡¥∞‡¥ø‡¥ï‡µç‡¥ï‡µÅ‡¥®‡µç‡¥® ‡¥Ö‡¥§‡¥ø‡¥ï‡µç‡¥∞‡¥Æ‡¥ô‡µç‡¥ô‡µæ‡¥ï‡µç‡¥ï‡µÅ‡¥≥‡µç‡¥≥ ‡¥Æ‡¥±‡µÅ‡¥™‡¥ü‡¥ø‡¥Ø‡¥æ‡¥£‡µç '‡¥ì‡¥™‡µç‡¥™‡¥±‡µá‡¥∑‡µª ‡¥Ö‡µΩ ‡¥Ö‡¥ñ‡µç‡¥∏ ‡¥´‡µç‡¥≤‡¥°‡µç ' ‡¥é‡¥®‡µç‡¥®‡¥æ‡¥£‡µç ‡¥π‡¥Æ‡¥æ‡¥∏‡¥ø‡¥®‡µç‡¥±‡µÜ ‡¥Æ‡¥ø‡¥≤‡¥ø‡¥±‡µç‡¥±‡¥±‡¥ø ‡¥ï‡¥Æ‡¥æ‡µª‡¥°‡µº ‡¥Æ‡µÅ‡¥π‡¥Æ‡µç‡¥Æ‡¥¶‡µç ‡¥¶‡µÜ‡¥Ø‡¥ø‡¥´‡µç ‡¥™‡µç‡¥∞‡¥ñ‡µç‡¥Ø‡¥æ‡¥™‡¥ø‡¥ö‡µç‡¥ö‡¥ø‡¥∞‡¥ø‡¥ï‡µç‡¥ï‡µÅ‡¥®‡µç‡¥®‡¥§‡µç.

‡¥§‡µÅ‡¥≤‡µç‡¥Ø‡¥§‡¥Ø‡¥ø‡¥≤‡µç‡¥≤‡¥æ‡¥§‡µç‡¥§ ‡¥ï‡µç‡¥∞‡µÇ‡¥∞‡¥§‡¥ï‡¥≥‡¥æ‡¥£‡µç ‡¥™‡¥≤‡¥∏‡µç‡¥§‡µÄ‡¥®‡¥ø‡¥ï‡¥≥‡µã‡¥ü‡µç ‡¥á‡¥∏‡µç‡¥∞‡¥æ‡¥Ø‡µá‡¥≤‡¥ø ‡¥≠‡¥∞‡¥£‡¥ï‡µÇ‡¥ü‡¥Ç ‡¥ö‡µÜ‡¥Ø‡µç‡¥§‡µÅ ‡¥ï‡µÇ‡¥ü‡µç‡¥ü‡µÅ‡¥®‡µç‡¥®‡¥§‡µç. ‡¥ï‡µÅ‡¥ü‡¥ø‡¥µ‡µÜ‡¥≥‡µç‡¥≥‡¥Ç, ‡¥Æ‡¥≤‡¥ø‡¥®‡¥Æ‡¥æ‡¥ï‡µç‡¥ï‡µÅ‡¥ï, ‡¥ï‡µÉ‡¥∑‡¥ø ‡¥Ü‡¥µ‡¥∂‡µç‡¥Ø‡¥ô‡µç‡¥ô‡µæ‡¥ï‡µç‡¥ï‡µÅ‡¥≥‡µç‡¥≥ ‡¥ö‡µÜ‡¥±‡µÅ ‡¥ú‡¥≤ ‡¥∏‡¥Ç‡¥≠‡¥∞‡¥£‡¥ø‡¥ï‡µæ ‡¥ï‡µã‡µ∫‡¥ï‡µç‡¥∞‡µÄ‡¥±‡µç‡¥±‡µç ‡¥á‡¥ü‡µç‡¥ü‡µÅ ‡¥Æ‡µÇ‡¥ü‡µÅ‡¥ï ‡¥§‡µÅ‡¥ü‡¥ô‡µç‡¥ô‡¥ø ‡¥Ö‡¥®‡µç‡¥§‡¥æ‡¥∞‡¥æ‡¥∑‡µç‡¥ü‡µç‡¥∞ ‡¥Æ‡¥æ‡¥ß‡µç‡¥Ø‡¥Æ‡¥ô‡µç‡¥ô‡µæ ‡¥±‡¥ø‡¥™‡µç‡¥™‡µã‡µº‡¥ü‡µç‡¥ü‡µç ‡¥ö‡µÜ‡¥Ø‡µç‡¥Ø‡¥æ‡¥§‡µç‡¥§ ‡¥∏‡¥Ç‡¥≠‡¥µ‡¥ô‡µç‡¥ô‡µæ ‡¥®‡¥ø‡¥∞‡¥µ‡¥ß‡¥ø. ‡¥µ‡µÜ‡¥∏‡µç‡¥±‡µç‡¥±‡µç ‡¥¨‡¥æ‡¥ô‡µç‡¥ï‡¥ø‡¥≤‡µÜ ‡¥π‡¥ø‡¥¨‡µç‡¥∞‡µã‡¥£‡¥ø‡¥®‡µÅ ‡¥∏‡¥Æ‡µÄ‡¥™‡¥§‡µç‡¥§‡µÜ ‡¥Ö‡µΩ ‡¥π‡¥ø‡¥ú‡µç‚Äå‡¥± ‡¥ó‡µç‡¥∞‡¥æ‡¥Æ‡¥§‡µç‡¥§‡¥ø‡µΩ ‡¥à‡¥Ø‡µç‡¥Ø‡¥ø‡¥ü‡µÜ ‡¥®‡¥ü‡¥®‡µç‡¥® ‡¥á‡¥§‡µç‡¥§‡¥∞‡¥§‡µç‡¥§‡¥ø‡¥≤‡µÅ‡¥≥‡µç‡¥≥ ‡¥í‡¥∞‡µÅ ‡¥∏‡¥Ç‡¥≠‡¥µ‡¥Ç ‡¥á‡¥∏‡µç‡¥∞‡¥æ‡¥Ø‡µá‡¥≤‡¥ø‡¥≤‡µÜ ‡¥Æ‡¥®‡µÅ‡¥∑‡µç‡¥Ø‡¥µ‡¥ï‡¥æ‡¥∂ ‡¥∏‡¥Ç‡¥ò‡¥ü‡¥® ‡¥¨‡¥ø‡¥§‡¥ø‡¥∏‡µÄ‡¥≤‡¥Ç ‡¥™‡µÅ‡¥±‡¥§‡µç‡¥§‡µç ‡¥ï‡µä‡¥£‡µç‡¥ü‡µÅ‡¥µ‡¥®‡µç‡¥®‡¥ø‡¥∞‡µÅ‡¥®‡µç‡¥®‡µÅ.

‡¥ï‡¥¥‡¥ø‡¥û‡µç‡¥û 17 ‡¥µ‡µº‡¥∑‡¥Æ‡¥æ‡¥Ø‡¥ø ‡¥â‡¥™‡¥∞‡µã‡¥ß‡¥§‡µç‡¥§‡¥ø‡¥≤‡¥æ‡¥£‡µç ‡¥ó‡¥∏‡µç‡¥∏. ‡¥Ö‡¥µ‡¥ø‡¥ü‡µÅ‡¥§‡µç‡¥§‡µÜ ‡¥ú‡¥®‡¥ô‡µç‡¥ô‡µæ‡¥ï‡µç‡¥ï‡µç ‡¥â‡¥™‡¥ú‡µÄ‡¥µ‡¥®‡¥Æ‡¥æ‡µº‡¥ó‡¥§‡µç‡¥§‡¥ø‡¥®‡µç ‡¥™‡µã‡¥ï‡¥æ‡¥®‡µÅ‡¥Ç ‡¥ö‡¥ø‡¥ï‡¥ø‡¥§‡µç‡¥∏ ‡¥≤‡¥≠‡µç‡¥Ø‡¥Æ‡¥æ‡¥ï‡µç‡¥ï‡¥æ‡¥®‡µÅ‡¥Æ‡µä‡¥ï‡µç‡¥ï‡µÜ ‡¥á‡¥∏‡µç‡¥∞‡¥æ‡¥Ø‡µá‡¥≤‡¥ø‡¥®‡µç‡¥±‡µÜ ‡¥î‡¥¶‡¥æ‡¥∞‡µç‡¥Ø‡¥Ç ‡¥µ‡µá‡¥£‡¥Ç. ‡¥¨‡µã‡µº‡¥°‡µº ‡¥ï‡µç‡¥∞‡µã‡¥∏‡¥ø‡¥ô‡µç‡¥ô‡µÅ‡¥ï‡µæ ‡¥™‡¥≤ ‡¥ò‡¥ü‡µç‡¥ü‡¥ô‡µç‡¥ô‡¥≥‡¥ø‡¥≤‡µÅ‡¥Ç ‡¥Ö‡¥ü‡¥ö‡µç‡¥ö‡¥ø‡¥ü‡µÅ‡¥®‡µç‡¥®‡¥§‡µç ‡¥∏‡µç‡¥•‡¥ø‡¥§‡¥ø‡¥ó‡¥§‡¥ø‡¥ï‡µæ ‡¥∞‡µÇ‡¥ï‡µç‡¥∑‡¥Æ‡¥æ‡¥ï‡µç‡¥ï‡µÅ‡¥®‡µç‡¥®‡µÅ. ‡¥∏‡µÜ‡¥™‡µç‡¥±‡µç‡¥±‡¥Ç‡¥¨‡µº 15‡¥®‡µç ‡¥¨‡µà‡¥§‡µç‡¥§‡µç ‡¥π‡¥®‡µÅ‡µª ‡¥ï‡µç‡¥∞‡µã‡¥∏‡¥ø‡¥Ç‡¥ó‡µç ‡¥Ö‡¥ü‡¥ö‡µç‡¥ö‡¥ø‡¥ü‡µç‡¥ü‡¥§‡¥ø‡¥®‡µÜ ‡¥§‡µÅ‡¥ü‡µº‡¥®‡µç‡¥®‡µç 20,000 ‡¥§‡µç‡¥§‡µã‡¥≥‡¥Ç ‡¥§‡µä‡¥¥‡¥ø‡¥≤‡¥æ‡¥≥‡¥ø‡¥ï‡¥≥‡¥æ‡¥£‡µç ‡¥ú‡µã‡¥≤‡¥ø‡¥ï‡µç‡¥ï‡µç ‡¥™‡µã‡¥ï‡¥æ‡¥®‡¥æ‡¥µ‡¥æ‡¥§‡µÜ ‡¥ï‡¥∑‡µç‡¥ü‡¥™‡µç‡¥™‡µÜ‡¥ü‡µç‡¥ü‡¥§‡µç. ‡¥Ö‡¥§‡µá ‡¥¶‡¥ø‡¥µ‡¥∏‡¥Ç ‡¥§‡¥®‡µç‡¥®‡µÜ ‡¥Ö‡¥¨‡µÇ ‡¥∏‡¥æ‡¥≤‡¥ø‡¥Ç ‡¥ï‡µç‡¥∞‡µã‡¥∏‡¥ø‡¥Ç‡¥ó‡µÅ‡¥Ç ‡¥∏‡µÜ‡¥™‡µç‡¥±‡µç‡¥±‡¥Ç‡¥¨‡µº 20‡¥®‡µç ‡¥ï‡µÇ‡¥ü‡µÅ‡¥§‡µΩ ‡¥Ö‡¥§‡¥ø‡µº‡¥§‡µç‡¥§‡¥ø‡¥ï‡¥≥‡µÅ‡¥Ç ‡¥Ö‡¥ü‡¥ö‡µç‡¥ö‡¥ø‡¥ü‡µç‡¥ü‡µç ‡¥ó‡¥∏‡µç‡¥∏ ‡¥®‡¥ø‡¥µ‡¥æ‡¥∏‡¥ø‡¥ï‡µæ‡¥ï‡µç‡¥ï‡µç ‡¥ï‡µÇ‡¥ü‡µç‡¥ü ‡¥∂‡¥ø‡¥ï‡µç‡¥∑ ‡¥®‡µΩ‡¥ï‡µÅ‡¥ï‡¥Ø‡¥æ‡¥£‡µç ‡¥∏‡¥Ø‡¥£‡¥ø‡¥∏‡µç‡¥±‡µç‡¥±‡µç ‡¥≠‡¥∞‡¥£‡¥ï‡µÇ‡¥ü‡¥Ç. ‡¥™‡µç‡¥∞‡¥§‡¥ø‡¥∑‡µá‡¥ß‡¥ø‡¥ï‡µç‡¥ï‡µÅ‡¥®‡µç‡¥®‡¥µ‡¥∞‡µÜ ‡¥±‡¥¨‡µç‡¥¨‡µº ‡¥¨‡µÅ‡¥≥‡µç‡¥≥‡¥±‡µç‡¥±‡µÅ‡¥ï‡µæ ‡¥â‡¥™‡¥Ø‡µã‡¥ó‡¥ø‡¥ö‡µç‡¥ö‡µç ‡¥™‡¥∞‡¥ø‡¥ï‡µç‡¥ï‡µá‡µΩ‡¥™‡µç‡¥™‡¥ø‡¥ï‡µç‡¥ï‡µÅ‡¥®‡µç‡¥®‡¥§‡µÅ‡¥Ç ‡¥™‡¥§‡¥ø‡¥µ‡¥æ‡¥Ø‡¥ø‡¥∞‡¥ø‡¥ï‡µç‡¥ï‡µÅ‡¥®‡µç‡¥®‡µÅ. ‡¥Ö‡¥§‡¥ø‡¥®‡¥ø‡¥ü‡¥Ø‡¥ø‡µΩ ‡¥ú‡µÇ‡¥§ ‡¥§‡µÄ‡¥µ‡µç‡¥∞‡¥µ‡¥æ‡¥¶‡¥ø‡¥ï‡µæ ‡¥Ö‡µΩ ‡¥Ö‡¥ñ‡µç‡¥∏ ‡¥Æ‡¥∏‡µç‡¥ú‡¥ø‡¥¶‡¥ø‡¥®‡µç‡¥±‡µÜ ‡¥™‡¥µ‡¥ø‡¥§‡µç‡¥∞‡¥§ ‡¥®‡¥∂‡¥ø‡¥™‡µç‡¥™‡¥ø‡¥ï‡µç‡¥ï‡¥æ‡¥®‡µÅ‡¥≥‡µç‡¥≥ ‡¥∂‡µç‡¥∞‡¥Æ‡¥ô‡µç‡¥ô‡µæ ‡¥§‡µÅ‡¥ü‡µº‡¥®‡µç‡¥®‡µÅ‡¥ï‡µä‡¥£‡µç‡¥ü‡¥ø‡¥∞‡¥ø‡¥ï‡µç‡¥ï‡µÅ‡¥®‡µç‡¥®‡µÅ. 
 ‡¥´‡¥≤‡¥∏‡µç‡¥§‡µÄ‡¥®‡¥ø‡¥ï‡µæ ‡¥∞‡¥£‡µç‡¥ü‡¥æ‡¥¥‡µç‡¥ö‡¥Ø‡¥æ‡¥Ø‡¥ø ‡¥§‡µÅ‡¥ü‡¥∞‡µÅ‡¥®‡µç‡¥® ‡¥™‡µç‡¥∞‡¥§‡¥ø‡¥∑‡µá‡¥ß‡¥§‡µç‡¥§‡¥ø‡¥®‡µç ‡¥§‡¥æ‡µΩ‡¥ï‡µç‡¥ï‡¥æ‡¥≤‡¥ø‡¥ï ‡¥µ‡¥ø‡¥∞‡¥æ‡¥Æ‡¥Æ‡¥æ‡¥Ø‡¥§‡µç ‡¥ñ‡¥§‡µç‡¥§‡¥±‡¥ø‡¥®‡µç‡¥±‡µÜ ‡¥Æ‡¥æ‡¥ß‡µç‡¥Ø‡¥∏‡µç‡¥•‡¥§‡µç‡¥§‡¥ø‡µΩ ‡¥®‡¥ü‡¥®‡µç‡¥® ‡¥ö‡µº‡¥ö‡µç‡¥ö‡¥ï‡¥≥‡µÜ ‡¥§‡µÅ‡¥ü‡µº‡¥®‡µç‡¥®‡¥æ‡¥£‡µç.

‡¥Æ‡µÅ‡¥ï‡µç‡¥ï‡¥æ‡µΩ ‡¥®‡µÇ‡¥±‡µç‡¥±‡¥æ‡¥£‡µç‡¥ü‡¥æ‡¥Ø‡¥ø ‡¥í‡¥∞‡µÅ ‡¥ú‡¥®‡¥§‡¥Ø‡µÅ‡¥ü‡µÜ ‡¥ú‡µÄ‡¥µ‡¥ø‡¥ï‡µç‡¥ï‡¥æ‡¥®‡µÅ‡¥≥‡µç‡¥≥ ‡¥Ö‡¥µ‡¥ï‡¥æ‡¥∂‡¥§‡µç‡¥§‡µÜ ‡¥™‡µã‡¥≤‡µÅ‡¥Ç ‡¥ö‡µã‡¥¶‡µç‡¥Ø‡¥Ç ‡¥ö‡µÜ‡¥Ø‡µç‡¥Ø‡µÅ‡¥®‡µç‡¥® ‡¥á‡¥∏‡µç‡¥∞‡¥æ‡¥Ø‡µá‡¥≤‡¥ø ‡¥≠‡µÄ‡¥ï‡¥∞‡¥§‡¥Ø‡µç‡¥ï‡µç‡¥ï‡µÜ‡¥§‡¥ø‡¥∞‡µÜ ‡¥Ö‡¥®‡µç‡¥§‡¥æ‡¥∞‡¥æ‡¥∑‡µç‡¥ü‡µç‡¥∞ ‡¥∏‡¥Æ‡µÇ‡¥π‡¥Ç ‡¥®‡¥ø‡¥∏‡µç‡¥∏‡¥Ç‡¥ó‡¥§ ‡¥™‡¥æ‡¥≤‡¥ø‡¥ï‡µç‡¥ï‡µÅ‡¥Æ‡µç‡¥™‡µã‡µæ ‡¥ö‡µÜ‡¥±‡µÅ‡¥§‡µç‡¥§‡µÅ‡¥®‡¥ø‡µΩ‡¥™‡µç‡¥™‡µç ‡¥™‡µã‡¥∞‡¥æ‡¥≥‡¥ø‡¥ï‡µæ‡¥ï‡µç‡¥ï‡µç ‡¥á‡¥§‡¥≤‡µç‡¥≤‡¥æ‡¥§‡µÜ ‡¥Æ‡¥±‡µç‡¥±‡µä‡¥∞‡µÅ ‡¥Æ‡¥æ‡µº‡¥ó‡¥Ç ‡¥á‡¥≤‡µç‡¥≤. ‡¥Ö‡¥®‡µç‡¥§‡¥æ‡¥∞‡¥æ‡¥∑‡µç‡¥ü‡µç‡¥∞ ‡¥®‡¥ø‡¥Ø‡¥Æ‡¥Ç ‡¥Ö‡¥®‡µÅ‡¥∏‡¥∞‡¥ø‡¥ö‡µç‡¥ö‡µç ‡¥Ö‡¥µ‡µº‡¥ï‡µç‡¥ï‡µç ‡¥Ö‡¥§‡¥ø‡¥®‡µç ‡¥Ö‡¥µ‡¥ï‡¥æ‡¥∂‡¥µ‡µÅ‡¥Æ‡µÅ‡¥£‡µç‡¥ü‡µç.

#IsraeliTerrorism
#resistzionist
#FreePalestine

‡¥™‡¥ø. ‡¥ï‡µÜ. ‡¥®‡¥ø‡¥Ø‡¥æ‡¥∏‡µç",7,Missing Value,FB,https://cyabra-web-assets.s3.us-east-2.amazonaws.com/default_profile_normal.png,13038.34808259590,0,ZmVlZGJhY2s6Njc2OTI2NjY5NjQ0Mjk2OQ==,0.01899,REAL_PROFILE,100000791179590,Missing Value,1.899,0,,,100000791179590,2023-10-07 06:52:15+00:00,ml,315,post,https://www.facebook.com/6769266696442969,FALSE,85,None,https://www.facebook.com/100000791179590,net
,ZmVlZGJhY2s6NzEzMTM4MTEwNjY1MzU5,"[{'objects': None, 'media_id': None, 'media_url': 'https://d162n66y7x4l64.cloudfront.net/FB_ZmVlZGJhY2s6NzEzMTM4MTEwNjY1MzU5_387782299_18385266136042606_5996358938188777439.jpg?image-format=webp&image-width=200&Expires=1696948161&Signature=n8Qyoara6sow49XPlZWtJEevXA~7BqCrqyU4tN~7E~NNGPJMN-jlpoLxazOj35eQTu0oj5oGsb6OhkWhPhOyIiM7CRdQzCM-yQnK0o~EMdkrpNhkNKTybdWhsbb6y4VpmnXrqG09QSOT-RlNAoFYN2lcK3V1pa~NctapYrG28LGiuyW-YnXs6u6vbdYHfC4gW~Cl-R1DZDKOA8JITavrt5oftL-PHa7KZitQ6QmXNAlmB1JhZwaeTKaMSlaHZuR5xU-usaHihjs90I7wM4sxB-91RgVN5l4-ldnq7-GB1h4yJoyijG9UVng6LEOAjG~ftZ9JarcHPyZcG-LzH3jrOQ__&Key-Pair-Id=K3JBIXBQ13O74I', 'media_type': None}]",0,Ehab Judeh,14,0.003184378147125240,230,-0.79868,"Palestinian resistance fighters are in control of several towns outside the #Gaza strip, occupied #Palestine the ‚Äò#israeli‚Äô occupation military confirmed.

#AlAqsaFlood

#IsraeliTerrorism 

@onlinepaleng #FreePalestineüáµüá∏üíöüïäüåéü§≤üôèüèΩ #ZionismisAntisemitism #EndIsraeliApartheid  #IsraeliApartheid #IsraeliCrimes #endisraelioccupation #EndIsraeliSettlerColonialism #BDS #EndIsraeliImpunity #Palestinians #Canaanites #Canaan #Palestine #Nakba #IfAmericansKnew #ireland #scotland #germany #uk #uae #Gaza #JewishVoiceForPeace #ZionismIsNotJudaism #NormalisationlsCrime",7,['news_&_social_concern'],FB,https://cyabra-web-assets.s3.us-east-2.amazonaws.com/default_profile_normal.png,6784.6607669616500,1,ZmVlZGJhY2s6NzEzMTM4MTEwNjY1MzU5,0.1241,REAL_PROFILE,100059075304146,Missing Value,12.41,1,,"['#AlAqsaFlood', '#EndIsraeliImpunity #Palestinians', '#Palestine', 'the #Gaza strip']",100059075304146,2023-10-07 13:12:10+00:00,und,182,post,https://www.facebook.com/713138110665359,FALSE,34,ehab.judeh,https://www.facebook.com/100059075304146,neg
